<?xml version="1.0"?>
<!--<!DOCTYPE metadata SYSTEM "http://www.esri.com/metadata/esriprof80.dtd">-->
<metadata xml:lang="de"><Esri><MetaID>{6907E5BA-F519-4888-8325-F5788A79B743}</MetaID><CreaDate>20100526</CreaDate><CreaTime>14325900</CreaTime><SyncOnce>TRUE</SyncOnce><DataProperties><lineage><Process ToolSource="C:\Programme\ArcGIS\ArcToolbox\Toolboxes\Conversion Tools.tbx\RasterToPolygon" Date="20100526" Time="143259">RasterToPolygon 1976-2000 E:\Projects\Koeppen_Scenarios\gis\1976-2000.shp NO_SIMPLIFY VALUE</Process></lineage></DataProperties></Esri></metadata>
